{"ambassador": 238333.33333333334, "audi a3": 2310294.117647059, "audi a3 cabriolet": 3495000.0000000005, "audi a4": 1633214.2857142857, "audi a6": 1920709.677419355, "audi a8": 9000000.0, "audi q2": 3078750.0, "audi q3": 1882548.3870967743, "audi q3 sportback": 5100000.0, "audi q5": 2364045.4545454546, "audi q7": 4187315.789473684, "bmw 1 series": 1487000.0, "bmw 2 series": 4750000.0, "bmw 3 series": 2102871.794871795, "bmw 3 series gran limousine": 5693333.333333333, "bmw 3 series gt": 3118750.0, "bmw 5 series": 3402756.756756757, "bmw 6 series": 4896428.571428572, "bmw 7 series": 5458333.333333333, "bmw x1": 2517593.75, "bmw x3": 3347000.0, "bmw x4": 5928333.333333333, "bmw x5": 5150400.0, "bmw x7": 1200000.0, "chevrolet aveo": 155000.0, "chevrolet aveo u-va": 90000.0, "chevrolet beat": 195565.21739130435, "chevrolet captiva": 410000.0, "chevrolet cruze": 371687.5, "chevrolet enjoy": 486666.6666666667, "chevrolet optra": 108250.0, "chevrolet sail": 286111.1111111111, "chevrolet spark": 107499.91666666667, "chevrolet tavera": 456000.0, "citroen c3": 790000.0, "citroen c5 aircross": 3112500.0, "datsun go": 330733.3333333333, "datsun go plus": 410076.92307692306, "datsun redigo": 335782.60869565216, "fiat abarth avventura": 475000.0, "fiat avventura": 456666.6666666667, "fiat grande punto": 126666.66666666667, "fiat linea": 263636.36363636365, "fiat palio": 110000.0, "fiat punto": 257142.85714285713, "fiat punto abarth": 525000.0, "fiat punto evo": 372500.0, "fiat punto pure": 340000.0, "ford aspire": 444187.5, "ford ecosport": 683109.0909090909, "ford endeavour": 2532933.3333333335, "ford fiesta": 198750.0, "ford fiesta classic": 187500.0, "ford figo": 282206.34920634923, "ford freestyle": 638222.2222222222, "ford ikon": 155200.0, "ford mondeo": 95000.0, "hindustan motors contessa": 425000.0, "honda amaze": 548132.183908046, "honda br-v": 677777.7777777778, "honda brio": 340000.0, "honda city": 696057.5342465753, "honda city hybrid": 2250000.0, "honda civic": 490000.0, "honda cr-v": 986785.7142857143, "honda jazz": 581642.8571428572, "honda mobilio": 470538.46153846156, "honda new accord": 344530.9090909091, "honda wr-v": 735148.1481481482, "hyundai accent": 161692.3076923077, "hyundai alcazar": 1949555.5555555555, "hyundai aura": 716437.5, "hyundai creta": 1086678.9473684211, "hyundai elantra": 965074.074074074, "hyundai eon": 234271.42857142858, "hyundai getz": 117571.57142857143, "hyundai grand i10": 472567.5675675676, "hyundai grand i10 nios": 659551.724137931, "hyundai i10": 252413.40782122905, "hyundai i20": 564454.268292683, "hyundai i20 active": 586166.6666666666, "hyundai i20 n line": 1036714.2857142857, "hyundai santa fe": 875000.0, "hyundai santro": 490375.0, "hyundai santro xing": 166051.72413793104, "hyundai sonata": 218000.0, "hyundai tucson": 1464666.6666666667, "hyundai venue": 989975.0, "hyundai verna": 720150.8379888268, "hyundai xcent": 432471.69811320753, "hyundai xcent prime": 440000.0, "isuzu d-max": 1385000.0, "isuzu mu 7": 950000.0, "isuzu mu-x": 1799500.0, "jaguar f-pace": 4425000.0, "jaguar f-type": 6400000.0, "jaguar xe": 3332142.8571428573, "jaguar xf": 2354642.8571428573, "jaguar xj": 4041428.5714285714, "jeep compass": 1693155.3398058251, "jeep meridian": 3593750.0, "jeep wrangler": 6212500.0, "kia carens": 1602500.0, "kia carnival": 2918750.0, "kia seltos": 1425902.1739130435, "kia sonet": 1122621.6216216215, "land rover defender": 1320000.0, "land rover discovery": 3622500.0000000005, "land rover discovery sport": 4149545.4545454546, "land rover freelander 2": 1148333.3333333333, "land rover range rover": 2600000.0, "land rover range rover evoque": 3827636.3636363638, "land rover range rover sport": 6132857.142857143, "land rover range rover velar": 7450000.0, "lexus es": 4987500.0, "lexus rx": 7700000.0, "mahindra alturas g4": 2490000.0, "mahindra bolero": 521437.5, "mahindra bolero camper": 894500.0, "mahindra bolero neo": 1023600.0, "mahindra bolero pik up extra long": 850000.0, "mahindra bolero power plus": 776428.5714285715, "mahindra e2o plus": 505000.0, "mahindra kuv 100": 415062.5, "mahindra kuv 100 nxt": 424933.3333333333, "mahindra marazzo": 1010300.0, "mahindra quanto": 298333.3333333333, "mahindra renault logan": 120750.0, "mahindra scorpio": 771763.1578947369, "mahindra scorpio classic": 1800000.0, "mahindra scorpio n": 1898333.3333333333, "mahindra ssangyong rexton": 950000.0, "mahindra thar": 1438702.7027027027, "mahindra tuv 300": 676962.9629629629, "mahindra tuv 300 plus": 990000.0, "mahindra verito": 260000.0, "mahindra xuv300": 1040216.2162162162, "mahindra xuv500": 992373.0158730159, "mahindra xylo": 513333.3333333333, "maruti 1000": 40000.0, "maruti 800": 98333.33333333333, "maruti a-star": 195250.0, "maruti alto": 141861.26923076922, "maruti alto 800": 306477.1296296296, "maruti alto k10": 308222.22222222225, "maruti baleno": 643665.5172413794, "maruti baleno rs": 704000.0, "maruti brezza": 1180250.0, "maruti celerio": 440245.0331125828, "maruti celerio tour 2018-2021": 410000.0, "maruti celerio x": 481692.3076923077, "maruti ciaz": 695777.7777777778, "maruti eeco": 410300.0, "maruti ertiga": 791150.0, "maruti ertiga tour": 1100000.0, "maruti esteem": 97500.0, "maruti estilo": 146666.66666666666, "maruti fronx": 1250000.0, "maruti grand vitara": 1418750.0, "maruti gypsy": 450000.0, "maruti ignis": 536166.6666666666, "maruti jimny": 1426666.6666666667, "maruti omni": 125588.25, "maruti ritz": 262301.9069767442, "maruti s-presso": 466645.8333333333, "maruti swift": 506008.6455331412, "maruti swift dzire": 521084.67741935485, "maruti swift dzire tour": 564142.8571428572, "maruti sx4": 205555.55555555556, "maruti sx4 s cross": 837482.7586206896, "maruti versa": 80000.0, "maruti vitara brezza": 813912.0879120879, "maruti wagon r": 345841.5201612903, "maruti wagon r stingray": 344142.85714285716, "maruti xl6": 1085466.6666666667, "maruti zen": 74125.0, "maruti zen estilo": 137066.66666666666, "mercedes-benz a class": 1181666.6666666667, "mercedes-benz a-class limousine": 4700000.0, "mercedes-benz amg a 35": 5383333.333333333, "mercedes-benz amg g 63": 4050000.0000000005, "mercedes-benz amg gla 35": 6450000.0, "mercedes-benz amg glc 43": 9000000.0, "mercedes-benz amg gt": 2100000.0, "mercedes-benz b class": 1461250.0, "mercedes-benz c-class": 2519963.6363636362, "mercedes-benz cla": 2437578.947368421, "mercedes-benz cls-class": 3933333.3333333335, "mercedes-benz e-class": 3526695.652173913, "mercedes-benz g": 2450000.0, "mercedes-benz gl-class": 3263333.3333333335, "mercedes-benz gla": 3947500.0, "mercedes-benz gla class": 2277777.777777778, "mercedes-benz glc": 4955181.818181818, "mercedes-benz glc coupe": 6950000.0, "mercedes-benz gle": 6302058.823529412, "mercedes-benz gls": 5100500.0, "mercedes-benz m-class": 2152000.0, "mercedes-benz s-class": 3515642.8571428573, "mercedes-benz slc": 6475000.0, "mg astor": 1504833.3333333333, "mg gloster": 3953300.0, "mg hector": 1684304.347826087, "mg hector plus": 1799333.3333333333, "mini 3 door": 3675000.0, "mini 5 door": 1700000.0, "mini cooper": 1956250.0, "mini cooper clubman": 4300000.0, "mini cooper convertible": 4450000.0, "mini cooper countryman": 3166666.6666666665, "mitsubishi cedia": 309500.0, "mitsubishi lancer": 98666.66666666667, "mitsubishi outlander": 840000.0, "mitsubishi pajero": 881400.0, "nissan kicks": 933250.0, "nissan magnite": 772935.4838709678, "nissan micra": 356857.14285714284, "nissan micra active": 320875.0, "nissan sunny": 357500.0, "nissan terrano": 543846.1538461539, "opelcorsa": 73333.33333333333, "porsche 911": 1500000.0, "porsche cayenne": 5600000.0, "porsche macan": 4200000.0, "porsche panamera": 4075000.0, "renault captur": 830857.1428571428, "renault duster": 637742.8571428572, "renault fluence": 512000.0, "renault kiger": 796137.9310344828, "renault kwid": 397993.28859060403, "renault lodgy": 632500.0, "renault pulse": 190000.0, "renault scala": 286166.6666666667, "renault triber": 676952.380952381,